objid,objclass,timetaken,a_u,b_u,t0_u,tfall_u,trise_u,a_g,b_g,t0_g,tfall_g,trise_g,a_r,b_r,t0_r,tfall_r,trise_r,a_i,b_i,t0_i,tfall_i,trise_i,a_z,b_z,t0_z,tfall_z,trise_z,a_Y,b_Y,t0_Y,tfall_Y,trise_Y
87674,SNIa-91bg,,,,,,,,,,,,,,,,,,,,,,,,,,,,,,,
72292,TDE,,,,,,,,,,,,,,,,,,,,,,,,,,,,,,,
180621,SNIa-91bg,,,,,,,,,,,,,,,,,,,,,,,,,,,,,,,
293369,SNII,,,,,,,,,,,,,,,,,,,,,,,,,,,,,,,
45760,SNIbc,,,,,,,,,,,,,,,,,,,,,,,,,,,,,,,
281685,TDE,,,,,,,,,,,,,,,,,,,,,,,,,,,,,,,
254624,SNIa,0.0052852630615234375,-16.390870283943187,1.7011060000004676,4.0129937626270635,40.33690973492299,-0.03484063640832604,,,,,,,,,,,,,,,,,,,,,,,,,
222755,SLSN-I,0.052414655685424805,-192.5634980399733,4.735480068470761,12.446285334825738,0.7426821114951384,-0.591859418380467,,,,,,,,,,,,,,,,,,,,,,,,,
74537,SNIax,0.09812283515930176,-1006.4868795712548,994.1499954777661,8.582341240265249,0.9304038975919483,-0.9289979865235091,,,,,,,,,,,,,,,,,,,,,,,,,
3373,SNIa-91bg,,,,,,,,,,,,,,,,,,,,,,,,,,,,,,,
220724,SNIax,,,,,,,,,,,,,,,,,,,,,,,,,,,,,,,
289333,SNII,,,,,,,,,,,,,,,,,,,,,,,,,,,,,,,
86613,SNIax,,,,,,,,,,,,,,,,,,,,,,,,,,,,,,,
146387,SNIbc,,,,,,,,,,,,,,,,,,,,,,,,,,,,,,,
227152,AGN,,,,,,,,,,,,,,,,,,,,,,,,,,,,,,,
286164,SNIa-91bg,,,,,,,,,,,,,,,,,,,,,,,,,,,,,,,
119137,SNII,,,,,,,,,,,,,,,,,,,,,,,,,,,,,,,
179435,SNIa,0.08581399917602539,-26.24123164469653,13.02119270243924,3.908234820821139,0.008014564067463358,-0.007989058745974189,,,,,,,,,,,,,,,,,,,,,,,,,
166795,SNIbc,,,,,,,,,,,,,,,,,,,,,,,,,,,,,,,
54015,SNII,0.010014057159423828,-2.304622309438365,0.31803264609614873,1.60305315216377,9.506590657547674,-0.011272538328839895,,,,,,,,,,,,,,,,,,,,,,,,,
69795,AGN,,,,,,,,,,,,,,,,,,,,,,,,,,,,,,,
264136,SNIa-91bg,0.0816645622253418,128.8190199964567,-6.075356211720566,27.35237415672852,2.1382347358691014,-1.7173228951852972,,,,,,,,,,,,,,,,,,,,,,,,,
146621,SNIbc,0.009591817855834961,4.640350690212862,-1.1017179563278015,3.41753636249981,40.23503645926539,-0.38311439619808646,,,,,,,,,,,,,,,,,,,,,,,,,
272103,AGN,,,,,,,,,,,,,,,,,,,,,,,,,,,,,,,
95944,SNIa,0.015274286270141602,10.40097511085769,-2.999488189114274,1.4321336779895606,1.4006223248071428,-0.27332982977012443,,,,,,,,,,,,,,,,,,,,,,,,,
275926,SLSN-I,0.012514829635620117,7.211234764444744,-6.766977976515673,-1.30101587606789e-06,38.88253695297079,-2.8071972495921985e-06,,,,,,,,,,,,,,,,,,,,,,,,,
204227,AGN,,,,,,,,,,,,,,,,,,,,,,,,,,,,,,,
269116,SNIbc,,,,,,,,,,,,,,,,,,,,,,,,,,,,,,,
299008,TDE,,,,,,,,,,,,,,,,,,,,,,,,,,,,,,,
220372,AGN,,,,,,,,,,,,,,,,,,,,,,,,,,,,,,,
193118,SNIa,,,,,,,,,,,,,,,,,,,,,,,,,,,,,,,
3763,SNIbc,,,,,,,,,,,,,,,,,,,,,,,,,,,,,,,
254672,SNII,,,,,,,,,,,,,,,,,,,,,,,,,,,,,,,
214524,SLSN-I,,,,,,,,,,,,,,,,,,,,,,,,,,,,,,,
159319,SNIax,,,,,,,,,,,,,,,,,,,,,,,,,,,,,,,
218669,SNIbc,,,,,,,,,,,,,,,,,,,,,,,,,,,,,,,
68454,SNIax,,,,,,,,,,,,,,,,,,,,,,,,,,,,,,,
41878,SNIa,,,,,,,,,,,,,,,,,,,,,,,,,,,,,,,
166936,SLSN-I,0.012300729751586914,4.891803271919197,1.401425333333333,2.921203045118405,0.2328472107948953,-0.006943900927056482,,,,,,,,,,,,,,,,,,,,,,,,,
146656,SNIax,,,,,,,,,,,,,,,,,,,,,,,,,,,,,,,
76068,SNIbc,,,,,,,,,,,,,,,,,,,,,,,,,,,,,,,
282720,SNIa,,,,,,,,,,,,,,,,,,,,,,,,,,,,,,,
330140,SNIa-91bg,,,,,,,,,,,,,,,,,,,,,,,,,,,,,,,
172258,TDE,,,,,,,,,,,,,,,,,,,,,,,,,,,,,,,
17,SNII,,,,,,,,,,,,,,,,,,,,,,,,,,,,,,,
247556,SNIa-91bg,,,,,,,,,,,,,,,,,,,,,,,,,,,,,,,
221529,SLSN-I,,,,,,,,,,,,,,,,,,,,,,,,,,,,,,,
281587,AGN,,,,,,,,,,,,,,,,,,,,,,,,,,,,,,,
125325,SLSN-I,0.01613020896911621,3.737313258816385,0.4686553627477638,2.908098915392787,0.6350225311155414,-5.818925838356483e-08,,,,,,,,,,,,,,,,,,,,,,,,,
196069,SNIax,0.008478164672851562,-4.460613714546997,4.694355454874895,-7.820039713275799e-06,39.359349092280134,-6.934937643222756e-06,,,,,,,,,,,,,,,,,,,,,,,,,
119605,SNIa-91bg,0.005940437316894531,-25.525734027469657,0.851021497445774,3.9714380014747475,40.463723785112904,-0.04559721800274319,,,,,,,,,,,,,,,,,,,,,,,,,
58393,SNIax,,,,,,,,,,,,,,,,,,,,,,,,,,,,,,,
341108,SNII,,,,,,,,,,,,,,,,,,,,,,,,,,,,,,,
128160,SNIbc,,,,,,,,,,,,,,,,,,,,,,,,,,,,,,,
145074,SNIa,0.027539491653442383,-4.929308542377106,3.0500880826464893,0.9701293027471337,716.356143861892,-0.046424767461060355,,,,,,,,,,,,,,,,,,,,,,,,,
101121,SNIa-91bg,0.0050029754638671875,19.43830766776453,0.010546586518215705,3.953571812456038,40.2464630201428,-0.039230268399090926,,,,,,,,,,,,,,,,,,,,,,,,,
286401,SNIax,,,,,,,,,,,,,,,,,,,,,,,,,,,,,,,
314105,SNIa,,,,,,,,,,,,,,,,,,,,,,,,,,,,,,,
289053,SNIa,0.010930299758911133,3.127090515458426,-2.510648073276082,0.912693382318152,3.4355230281410876,-1.579208531936281e-05,,,,,,,,,,,,,,,,,,,,,,,,,
289355,TDE,0.012605428695678711,-5.676007624851689,2.118501296563346,3.341660056712386,4903840.864087728,-1.3237218399089576,,,,,,,,,,,,,,,,,,,,,,,,,
223855,SNIa-91bg,,,,,,,,,,,,,,,,,,,,,,,,,,,,,,,
83438,SNIa,0.008737564086914062,7.323056548918873,0.42734365838858146,2.9703231715329896,40.47644581534649,-0.023028672061481813,,,,,,,,,,,,,,,,,,,,,,,,,
28542,SNIbc,,,,,,,,,,,,,,,,,,,,,,,,,,,,,,,
208418,SNIbc,0.006181240081787109,-6.719724500345042,-0.5021807838559716,3.9443731123591825,40.85355434387818,-0.03659665505590605,,,,,,,,,,,,,,,,,,,,,,,,,
250763,SLSN-I,0.004284858703613281,-3.9216883143047427,-1.5217917499999956,3.8997036742787765,40.47046365958515,-0.029999565059016502,,,,,,,,,,,,,,,,,,,,,,,,,
232124,SLSN-I,,,,,,,,,,,,,,,,,,,,,,,,,,,,,,,
155325,SNII,,,,,,,,,,,,,,,,,,,,,,,,,,,,,,,
272312,SNIbc,,,,,,,,,,,,,,,,,,,,,,,,,,,,,,,
75803,AGN,,,,,,,,,,,,,,,,,,,,,,,,,,,,,,,
226402,SLSN-I,,,,,,,,,,,,,,,,,,,,,,,,,,,,,,,
276902,SLSN-I,0.08844780921936035,-52.61619395992203,3.167168773211018,2.4480797287633798,0.20822632178698586,-0.09841465515813934,,,,,,,,,,,,,,,,,,,,,,,,,
198396,AGN,,,,,,,,,,,,,,,,,,,,,,,,,,,,,,,
28977,SNIbc,,,,,,,,,,,,,,,,,,,,,,,,,,,,,,,
153443,SNII,0.08313417434692383,14.658980897637228,-8.274116762997291,3.9683049050521015,0.007087002286440874,-0.007075590657604197,,,,,,,,,,,,,,,,,,,,,,,,,
279632,SNIa-91bg,,,,,,,,,,,,,,,,,,,,,,,,,,,,,,,
28010,SNIax,0.005289316177368164,3.7011796220615847,-1.3056332436646885,3.939762098895309,40.438956038590504,-0.031378123923662564,,,,,,,,,,,,,,,,,,,,,,,,,
224976,SLSN-I,,,,,,,,,,,,,,,,,,,,,,,,,,,,,,,
49288,SNIa,0.004391670227050781,35.782528176326274,-0.2002252487936223,3.9629617365546026,40.47676051040283,-0.043422744011353535,,,,,,,,,,,,,,,,,,,,,,,,,
113836,TDE,,,,,,,,,,,,,,,,,,,,,,,,,,,,,,,
182671,SLSN-I,0.008894920349121094,-2.4534494792808266,0.6916400792389501,1.8298086354613157,455.99347298910874,-0.04183827125062678,,,,,,,,,,,,,,,,,,,,,,,,,
105894,SNIa,0.008647441864013672,-4.225870394655722,3.073408360892084,1.0489920617822532,287.9396479181761,-0.005019961516541572,,,,,,,,,,,,,,,,,,,,,,,,,
341003,TDE,0.048277854919433594,-102.46984041061819,0.7747119370977944,17.538671424211415,3.1012598099012356,-1.4477161253410034,,,,,,,,,,,,,,,,,,,,,,,,,
198209,SNII,,,,,,,,,,,,,,,,,,,,,,,,,,,,,,,
325414,SNIa,,,,,,,,,,,,,,,,,,,,,,,,,,,,,,,
187601,SNIbc,,,,,,,,,,,,,,,,,,,,,,,,,,,,,,,
225153,SNII,,,,,,,,,,,,,,,,,,,,,,,,,,,,,,,
102737,TDE,0.004448413848876953,28.013502591688532,-0.7341382497965352,3.984130153047541,40.33940394394692,-0.04316297939150694,,,,,,,,,,,,,,,,,,,,,,,,,
275112,SLSN-I,0.006255388259887695,6.431870904622526,0.5634143435033615,2.966513536050906,40.391109056384686,-0.04171202934533669,,,,,,,,,,,,,,,,,,,,,,,,,
280183,SNIa,,,,,,,,,,,,,,,,,,,,,,,,,,,,,,,
209577,SNIa-91bg,0.0048220157623291016,12.42321469478617,0.10289748236486895,3.9051694464957514,40.17111529862219,-0.012179391337195158,,,,,,,,,,,,,,,,,,,,,,,,,
27885,TDE,0.005837917327880859,-3.528941370120025,1.7656583333445837,2.8539706777875073,2.5107051102523625,-0.036935590646052285,,,,,,,,,,,,,,,,,,,,,,,,,
88056,SLSN-I,0.00452733039855957,19.231082829687626,-0.6474185000234038,4.012998700763608,40.24401087462791,-0.03987964941064504,,,,,,,,,,,,,,,,,,,,,,,,,
156868,SNIax,,,,,,,,,,,,,,,,,,,,,,,,,,,,,,,
270177,SNIa,,,,,,,,,,,,,,,,,,,,,,,,,,,,,,,
9197,TDE,,,,,,,,,,,,,,,,,,,,,,,,,,,,,,,
134076,SNIa,0.004128694534301758,-49.34003511965166,0.5838859969596493,4.0139987638034595,40.80830085694127,-0.03177502176034812,,,,,,,,,,,,,,,,,,,,,,,,,
51009,SNIax,0.03284621238708496,8.07319723948637,-6.136357282896697,-3.2727063570840643e-06,38.86409213532116,-7.805592674380489e-06,,,,,,,,,,,,,,,,,,,,,,,,,
267239,AGN,0.004976749420166016,19.444442145280785,-3.9492545,3.988875799616477,40.26389529366412,-0.014317834709441427,,,,,,,,,,,,,,,,,,,,,,,,,
269841,SNIbc,0.032186031341552734,-9.331096021179478,0.0009444999999998581,1.9263771999092105,1.8594917154292165,-0.014597677316748141,,,,,,,,,,,,,,,,,,,,,,,,,
58139,SLSN-I,0.004149913787841797,-9.803793224316498,0.5340527539316197,3.968809113017645,40.273381945221374,-0.03565221148310084,,,,,,,,,,,,,,,,,,,,,,,,,
245944,SNIa,,,,,,,,,,,,,,,,,,,,,,,,,,,,,,,
61127,TDE,,,,,,,,,,,,,,,,,,,,,,,,,,,,,,,
326827,TDE,0.0050466060638427734,-21.41504025128119,-1.0323079999748184,4.047874364797911,40.337543576147354,-0.04333885244436947,,,,,,,,,,,,,,,,,,,,,,,,,
91871,AGN,0.01135563850402832,4.784057881836511,25.953624666461685,3.064683592442212,40.238128267853554,-0.032291239071903954,,,,,,,,,,,,,,,,,,,,,,,,,
283003,SLSN-I,,,,,,,,,,,,,,,,,,,,,,,,,,,,,,,
56067,SNIa-91bg,0.01203465461730957,7.046922482600091,0.14503304869581593,2.1630683833432895,2.0050427238726183,-0.055198689419167044,,,,,,,,,,,,,,,,,,,,,,,,,
280495,TDE,,,,,,,,,,,,,,,,,,,,,,,,,,,,,,,
41759,SNII,,,,,,,,,,,,,,,,,,,,,,,,,,,,,,,
276084,SLSN-I,,,,,,,,,,,,,,,,,,,,,,,,,,,,,,,
40473,TDE,,,,,,,,,,,,,,,,,,,,,,,,,,,,,,,
212416,SNIax,,,,,,,,,,,,,,,,,,,,,,,,,,,,,,,
166169,SNIa-91bg,0.0044939517974853516,16.065744708796814,-2.4049979999116813,3.9833213802111405,40.22006074947352,-0.04516611556606719,,,,,,,,,,,,,,,,,,,,,,,,,
10071,SNIbc,,,,,,,,,,,,,,,,,,,,,,,,,,,,,,,
329044,TDE,0.03639054298400879,-14.215779390887421,1.6801095370122598,2.0527322431277844,0.630014324339699,-0.043400986921670694,,,,,,,,,,,,,,,,,,,,,,,,,
41972,SNII,,,,,,,,,,,,,,,,,,,,,,,,,,,,,,,
233850,SNIa,,,,,,,,,,,,,,,,,,,,,,,,,,,,,,,
190431,SNIbc,0.017582416534423828,-8.139030249804863,2.6438405004776118,1.9002055348962907,1.957709646842559,-0.03659822871667597,,,,,,,,,,,,,,,,,,,,,,,,,
58539,SLSN-I,,,,,,,,,,,,,,,,,,,,,,,,,,,,,,,
315884,AGN,0.02841043472290039,2.6561120250382917,1.9251169614731218,1.8767529417943194,1.0854653369786096,-0.004833455893329464,,,,,,,,,,,,,,,,,,,,,,,,,
116440,SNII,0.08373546600341797,-230.6934612957397,228.65228118432773,-11.506352891818802,8994.719501948897,-2.962468496040724,,,,,,,,,,,,,,,,,,,,,,,,,
290499,SNIax,,,,,,,,,,,,,,,,,,,,,,,,,,,,,,,
16596,SNIbc,0.02142953872680664,-5.370164766728122,1.15729137127128,2.908091299058961,3.353368550989208,-3.578424297806901e-07,,,,,,,,,,,,,,,,,,,,,,,,,
156512,TDE,,,,,,,,,,,,,,,,,,,,,,,,,,,,,,,
337020,SNII,0.08440613746643066,-832.9162902886454,830.9424972702619,5.518668609833698,0.37212603348005163,-0.37171119576645006,,,,,,,,,,,,,,,,,,,,,,,,,
280550,SNII,,,,,,,,,,,,,,,,,,,,,,,,,,,,,,,
254687,SNIa,0.007142543792724609,6.2126006096331725,-1.2125819999999965,3.011709209181286,40.47185939256647,-0.02170537990411321,,,,,,,,,,,,,,,,,,,,,,,,,
94074,AGN,,,,,,,,,,,,,,,,,,,,,,,,,,,,,,,
251212,SNII,,,,,,,,,,,,,,,,,,,,,,,,,,,,,,,
331184,SNII,0.00698399543762207,-6.5064850556978575,1.6330120000035568,3.0018445941254455,40.88567921892791,-0.030580861634670126,,,,,,,,,,,,,,,,,,,,,,,,,
289286,SNIa-91bg,,,,,,,,,,,,,,,,,,,,,,,,,,,,,,,
247255,SNIa-91bg,0.004729509353637695,-24.58891400220504,0.4617187356443071,3.9250681595204577,40.5090172897358,-0.014653797532686344,,,,,,,,,,,,,,,,,,,,,,,,,
156853,SNIbc,0.006417989730834961,-7.799378313181392,2.364905982322508,2.8994672443332146,41.214303580591206,-0.044247230415247356,,,,,,,,,,,,,,,,,,,,,,,,,
174834,SNII,,,,,,,,,,,,,,,,,,,,,,,,,,,,,,,
33142,SLSN-I,,,,,,,,,,,,,,,,,,,,,,,,,,,,,,,
91483,SNIbc,,,,,,,,,,,,,,,,,,,,,,,,,,,,,,,
287551,AGN,,,,,,,,,,,,,,,,,,,,,,,,,,,,,,,
13371,TDE,0.08519434928894043,13.866157044830146,9.289595705147836,2.2810355202749792,0.35320188951500575,-0.10630439377353626,,,,,,,,,,,,,,,,,,,,,,,,,
293051,SNIa-91bg,0.08399510383605957,-186.95241249455333,183.85428776209088,-6.1107993024674006,7560.10378484469,-1.6959368197863596,,,,,,,,,,,,,,,,,,,,,,,,,
139774,SLSN-I,0.08517575263977051,-10.941094494681437,7.129244483624134,3.967957993146805,0.005595987715930457,-0.005590616679876781,,,,,,,,,,,,,,,,,,,,,,,,,
81773,SNIax,,,,,,,,,,,,,,,,,,,,,,,,,,,,,,,
321618,AGN,,,,,,,,,,,,,,,,,,,,,,,,,,,,,,,
286015,SNII,0.0843653678894043,-2977.1956451286005,2430.2673226538964,-23.198226024967596,171.95281310024177,-8.869281349381748,,,,,,,,,,,,,,,,,,,,,,,,,
143195,SNIa-91bg,,,,,,,,,,,,,,,,,,,,,,,,,,,,,,,
316235,SLSN-I,,,,,,,,,,,,,,,,,,,,,,,,,,,,,,,
317677,SNIbc,0.08580398559570312,2902.9463236755128,-2872.1385677570047,9.665352351072169,1.042749667781176,-1.0414009004506475,,,,,,,,,,,,,,,,,,,,,,,,,
10150,SNIbc,,,,,,,,,,,,,,,,,,,,,,,,,,,,,,,
296089,SNIax,,,,,,,,,,,,,,,,,,,,,,,,,,,,,,,
25664,AGN,,,,,,,,,,,,,,,,,,,,,,,,,,,,,,,
231183,AGN,,,,,,,,,,,,,,,,,,,,,,,,,,,,,,,
172069,SNIax,,,,,,,,,,,,,,,,,,,,,,,,,,,,,,,
222829,AGN,0.07954597473144531,-15.371959299329243,0.25972029464672197,3.9685034474980903,0.005596345113658703,-0.00559161105714594,,,,,,,,,,,,,,,,,,,,,,,,,
173095,SNIa,,,,,,,,,,,,,,,,,,,,,,,,,,,,,,,
47387,TDE,0.0038840770721435547,6.900276422572105,-0.3540337654819946,4.015592758348014,40.36599107821391,-0.038085878102448976,,,,,,,,,,,,,,,,,,,,,,,,,
180387,SNII,,,,,,,,,,,,,,,,,,,,,,,,,,,,,,,
143138,SNIax,,,,,,,,,,,,,,,,,,,,,,,,,,,,,,,
60415,TDE,,,,,,,,,,,,,,,,,,,,,,,,,,,,,,,
35069,SNIax,0.02127861976623535,-8.061926074938516,7.828732131261597,3.6827633277640455e-06,50.20410761505179,-9.170634061252859e-06,,,,,,,,,,,,,,,,,,,,,,,,,
318874,SLSN-I,0.0077593326568603516,-8.614155683469903,0.5233824504362345,3.5586233658643023,41.250318745648315,-0.4376189242289931,,,,,,,,,,,,,,,,,,,,,,,,,
341916,SNIa-91bg,0.00953531265258789,5.485200331850699,-2.8020143911365882,0.9678164671781335,17.185036412577848,-0.03599515222636037,,,,,,,,,,,,,,,,,,,,,,,,,
193576,SNIa,,,,,,,,,,,,,,,,,,,,,,,,,,,,,,,
94540,SNIa-91bg,,,,,,,,,,,,,,,,,,,,,,,,,,,,,,,
275520,SNII,0.02596759796142578,2.469938899590263,-2.3430294779753296,0.006199927053647502,876.6680817748925,-0.00019643320263328974,,,,,,,,,,,,,,,,,,,,,,,,,
266706,AGN,,,,,,,,,,,,,,,,,,,,,,,,,,,,,,,
54590,TDE,,,,,,,,,,,,,,,,,,,,,,,,,,,,,,,
237200,SNIa,,,,,,,,,,,,,,,,,,,,,,,,,,,,,,,
295463,TDE,,,,,,,,,,,,,,,,,,,,,,,,,,,,,,,
283990,SNIa,,,,,,,,,,,,,,,,,,,,,,,,,,,,,,,
239384,AGN,0.004774808883666992,-14.972202908522405,-3.9229677499999998,3.980345950631296,40.35898818912866,-0.018585897275954943,,,,,,,,,,,,,,,,,,,,,,,,,
175848,AGN,0.06762504577636719,36.70177086498755,16.57185612748659,3.9084647066013414,0.005520199503954852,-0.005506761429859953,,,,,,,,,,,,,,,,,,,,,,,,,
149121,SNII,,,,,,,,,,,,,,,,,,,,,,,,,,,,,,,
328842,SNIa-91bg,,,,,,,,,,,,,,,,,,,,,,,,,,,,,,,
317857,AGN,,,,,,,,,,,,,,,,,,,,,,,,,,,,,,,
194324,TDE,,,,,,,,,,,,,,,,,,,,,,,,,,,,,,,
132352,SLSN-I,,,,,,,,,,,,,,,,,,,,,,,,,,,,,,,
264319,SNIa,,,,,,,,,,,,,,,,,,,,,,,,,,,,,,,
301669,SNIax,,,,,,,,,,,,,,,,,,,,,,,,,,,,,,,
239729,SNIax,,,,,,,,,,,,,,,,,,,,,,,,,,,,,,,
261883,SNIa,,,,,,,,,,,,,,,,,,,,,,,,,,,,,,,
177469,SNIax,0.08774518966674805,16.0706028558593,-3.5192918138576226,4.006842167640077,86.60543244882516,-1.3674344634563622,,,,,,,,,,,,,,,,,,,,,,,,,
214746,SNIa-91bg,,,,,,,,,,,,,,,,,,,,,,,,,,,,,,,
207132,SNIax,,,,,,,,,,,,,,,,,,,,,,,,,,,,,,,
159815,SNIa,,,,,,,,,,,,,,,,,,,,,,,,,,,,,,,
255347,SNIbc,,,,,,,,,,,,,,,,,,,,,,,,,,,,,,,
1702,SNIa-91bg,0.06077837944030762,180.2214292033686,-8.14061681600006,17.53736613307632,1.6324226916021742,-1.1900070469309305,,,,,,,,,,,,,,,,,,,,,,,,,
106263,TDE,,,,,,,,,,,,,,,,,,,,,,,,,,,,,,,
92522,SNIax,,,,,,,,,,,,,,,,,,,,,,,,,,,,,,,
49038,SNII,,,,,,,,,,,,,,,,,,,,,,,,,,,,,,,
163248,SNIa,,,,,,,,,,,,,,,,,,,,,,,,,,,,,,,
180930,SNII,,,,,,,,,,,,,,,,,,,,,,,,,,,,,,,
42576,SLSN-I,,,,,,,,,,,,,,,,,,,,,,,,,,,,,,,
29550,SNIa-91bg,,,,,,,,,,,,,,,,,,,,,,,,,,,,,,,
62430,SNIax,,,,,,,,,,,,,,,,,,,,,,,,,,,,,,,
53377,SLSN-I,0.05951213836669922,-21.98798690621773,20.79451829879117,3.9386110100688354,0.07190370461874401,-0.06866705567856299,,,,,,,,,,,,,,,,,,,,,,,,,
44903,SNIax,,,,,,,,,,,,,,,,,,,,,,,,,,,,,,,
263730,SNII,,,,,,,,,,,,,,,,,,,,,,,,,,,,,,,
169239,AGN,0.05225419998168945,22.822258752277815,-10.18901400429844,3.9106950561796276,0.06632121671450836,-0.06255166401023679,,,,,,,,,,,,,,,,,,,,,,,,,
237722,SNIa,,,,,,,,,,,,,,,,,,,,,,,,,,,,,,,
41282,SLSN-I,,,,,,,,,,,,,,,,,,,,,,,,,,,,,,,
16905,SNIax,,,,,,,,,,,,,,,,,,,,,,,,,,,,,,,
200048,TDE,,,,,,,,,,,,,,,,,,,,,,,,,,,,,,,
103126,AGN,,,,,,,,,,,,,,,,,,,,,,,,,,,,,,,
120914,SNIbc,,,,,,,,,,,,,,,,,,,,,,,,,,,,,,,
181400,SLSN-I,,,,,,,,,,,,,,,,,,,,,,,,,,,,,,,
150122,SNIax,,,,,,,,,,,,,,,,,,,,,,,,,,,,,,,
196759,SNIax,,,,,,,,,,,,,,,,,,,,,,,,,,,,,,,
210375,SNII,0.009599924087524414,-9.500074727669094,10.286219354146878,-1.5688720846899876e-07,38.04171292811582,-5.957803437492213e-07,,,,,,,,,,,,,,,,,,,,,,,,,
69473,SNII,,,,,,,,,,,,,,,,,,,,,,,,,,,,,,,
93887,SNIa-91bg,,,,,,,,,,,,,,,,,,,,,,,,,,,,,,,
17046,SNIa-91bg,,,,,,,,,,,,,,,,,,,,,,,,,,,,,,,
71533,SNIax,,,,,,,,,,,,,,,,,,,,,,,,,,,,,,,
159214,TDE,0.004658937454223633,-22.845237166173554,1.1758682500000917,4.00773188778558,40.4669666340403,-0.03252785781500056,,,,,,,,,,,,,,,,,,,,,,,,,
51977,SNIax,0.08043980598449707,-155.3090140989632,11.245640831778092,32.29082082034505,2.999662268913434,-2.3663202956643343,,,,,,,,,,,,,,,,,,,,,,,,,
241704,SNIa-91bg,0.08292746543884277,-13.100795751560192,7.686319282621439,3.968354194447816,0.005596107160601292,-0.005590999187538936,,,,,,,,,,,,,,,,,,,,,,,,,
166415,SNII,,,,,,,,,,,,,,,,,,,,,,,,,,,,,,,
160774,SNIa,,,,,,,,,,,,,,,,,,,,,,,,,,,,,,,
251125,SLSN-I,,,,,,,,,,,,,,,,,,,,,,,,,,,,,,,
227004,SLSN-I,0.01897573471069336,-1.6551579172032007,1.31928297634556,2.9080912945200588,1.216296118994238,-3.2131919675333317e-07,,,,,,,,,,,,,,,,,,,,,,,,,
176723,SLSN-I,,,,,,,,,,,,,,,,,,,,,,,,,,,,,,,
31738,AGN,,,,,,,,,,,,,,,,,,,,,,,,,,,,,,,
298372,SNII,0.08603310585021973,463.90447346069277,-456.1209407260625,-14.055582305231006,17528.283639527595,-3.490590123664552,,,,,,,,,,,,,,,,,,,,,,,,,
10470,SNIa,,,,,,,,,,,,,,,,,,,,,,,,,,,,,,,
230350,TDE,0.008381366729736328,-3.9936937612510777,17.242519351406145,1.628401771998187,38.26402471616812,-0.012889674994961317,,,,,,,,,,,,,,,,,,,,,,,,,
331851,TDE,0.029715776443481445,-6.728175484141793,5.909924050065053,-9.46938824771423e-07,39.53187841049909,-9.72412243411125e-07,,,,,,,,,,,,,,,,,,,,,,,,,
2933,SNIbc,,,,,,,,,,,,,,,,,,,,,,,,,,,,,,,
314242,SNIbc,,,,,,,,,,,,,,,,,,,,,,,,,,,,,,,
86925,TDE,,,,,,,,,,,,,,,,,,,,,,,,,,,,,,,
105887,SNIax,,,,,,,,,,,,,,,,,,,,,,,,,,,,,,,
284909,SNIa-91bg,,,,,,,,,,,,,,,,,,,,,,,,,,,,,,,
245290,SNIbc,0.004157304763793945,-10.945953943949908,1.5573990000024152,3.970414078612924,40.46935540853218,-0.03587459158243724,,,,,,,,,,,,,,,,,,,,,,,,,
92477,SNIax,,,,,,,,,,,,,,,,,,,,,,,,,,,,,,,
157045,SLSN-I,,,,,,,,,,,,,,,,,,,,,,,,,,,,,,,
151025,TDE,,,,,,,,,,,,,,,,,,,,,,,,,,,,,,,
91264,AGN,,,,,,,,,,,,,,,,,,,,,,,,,,,,,,,
66972,SNIa,0.007802724838256836,3.328718311205332,-1.1896033269607993,3.037811903477707,40.199533373580856,-0.04698172526243942,,,,,,,,,,,,,,,,,,,,,,,,,
136892,AGN,,,,,,,,,,,,,,,,,,,,,,,,,,,,,,,
111633,SNII,,,,,,,,,,,,,,,,,,,,,,,,,,,,,,,
56986,AGN,,,,,,,,,,,,,,,,,,,,,,,,,,,,,,,
6402,SNIbc,,,,,,,,,,,,,,,,,,,,,,,,,,,,,,,
268325,SNIax,0.014613151550292969,0.9586845666543748,-1.4214151189647126,2.533979241821999,40.57713738084288,-0.18861821693977032,,,,,,,,,,,,,,,,,,,,,,,,,
121110,TDE,,,,,,,,,,,,,,,,,,,,,,,,,,,,,,,
148358,SNIa-91bg,,,,,,,,,,,,,,,,,,,,,,,,,,,,,,,
77272,SLSN-I,,,,,,,,,,,,,,,,,,,,,,,,,,,,,,,
221378,SLSN-I,,,,,,,,,,,,,,,,,,,,,,,,,,,,,,,
328036,SNIax,,,,,,,,,,,,,,,,,,,,,,,,,,,,,,,
185172,TDE,,,,,,,,,,,,,,,,,,,,,,,,,,,,,,,
220243,SNII,,,,,,,,,,,,,,,,,,,,,,,,,,,,,,,
190050,SNIa,0.025357723236083984,-14.857448627690903,15.088732275856131,-0.010158775887066363,49.182767703034735,-0.019272374641797135,,,,,,,,,,,,,,,,,,,,,,,,,
247545,SNIbc,,,,,,,,,,,,,,,,,,,,,,,,,,,,,,,
328406,AGN,0.004586935043334961,11.11585274715381,-6.588636496471043,3.9465280828000577,40.178398269105394,-0.045711162664936994,,,,,,,,,,,,,,,,,,,,,,,,,
43465,SNIa,,,,,,,,,,,,,,,,,,,,,,,,,,,,,,,
311300,SNIa-91bg,,,,,,,,,,,,,,,,,,,,,,,,,,,,,,,
267376,AGN,,,,,,,,,,,,,,,,,,,,,,,,,,,,,,,
82030,SNII,,,,,,,,,,,,,,,,,,,,,,,,,,,,,,,
302134,SNIax,0.009411096572875977,-9.885616588581858,7.990142394233793,-3.5050891829933767e-05,39.55417246634601,-5.0321662850550884e-05,,,,,,,,,,,,,,,,,,,,,,,,,
126742,SNIax,0.014508485794067383,-2.472083485579971,-0.8453106666666645,2.75425526146509,40.49973219599445,-0.04819610480945642,,,,,,,,,,,,,,,,,,,,,,,,,
334547,SNIa-91bg,,,,,,,,,,,,,,,,,,,,,,,,,,,,,,,
152677,SNIax,,,,,,,,,,,,,,,,,,,,,,,,,,,,,,,
164909,TDE,,,,,,,,,,,,,,,,,,,,,,,,,,,,,,,
57584,SNII,0.035140275955200195,-256.121425939975,130.3316423138552,2.3074536320892207,154.6058168281309,-43.21894673105696,,,,,,,,,,,,,,,,,,,,,,,,,
5844,SNIa,,,,,,,,,,,,,,,,,,,,,,,,,,,,,,,
106406,SNIa,,,,,,,,,,,,,,,,,,,,,,,,,,,,,,,
133914,SNIa,,,,,,,,,,,,,,,,,,,,,,,,,,,,,,,
333305,SLSN-I,,,,,,,,,,,,,,,,,,,,,,,,,,,,,,,
180650,SNII,0.004926443099975586,-17.14419908005528,0.05580675000029332,4.0230032838712075,40.392204177567116,-0.03458423252325585,,,,,,,,,,,,,,,,,,,,,,,,,
300427,SNIa,0.008145809173583984,-3.9263695087536576,1.5780131205285057,1.8529347016469393,63.057338004739414,-0.0335886473511291,,,,,,,,,,,,,,,,,,,,,,,,,
12078,SNIbc,,,,,,,,,,,,,,,,,,,,,,,,,,,,,,,
289059,TDE,,,,,,,,,,,,,,,,,,,,,,,,,,,,,,,
340860,SNIa,0.08391571044921875,3.4092015058528404,-1.9271307516108966,2.82176477948123,41.092681194088584,-0.5377571408691716,,,,,,,,,,,,,,,,,,,,,,,,,
253615,SNIbc,,,,,,,,,,,,,,,,,,,,,,,,,,,,,,,
93074,AGN,0.056823015213012695,-29.068423284486197,17.60034941441846,5.394089482762987,0.5073929484419869,-0.4815362714854195,,,,,,,,,,,,,,,,,,,,,,,,,
339740,TDE,0.005280494689941406,4.954465310957166,-0.5397535000000045,3.959429045249976,40.121230433228234,-0.029656764873668976,,,,,,,,,,,,,,,,,,,,,,,,,
148205,SLSN-I,,,,,,,,,,,,,,,,,,,,,,,,,,,,,,,
37718,SNIa,0.01289677619934082,-11.661268693530868,10.538226598725426,-2.502526556300439e-06,39.42997126285576,-4.477066009496553e-06,,,,,,,,,,,,,,,,,,,,,,,,,
26502,SNII,,,,,,,,,,,,,,,,,,,,,,,,,,,,,,,
52986,SNIax,,,,,,,,,,,,,,,,,,,,,,,,,,,,,,,
77807,SNIbc,,,,,,,,,,,,,,,,,,,,,,,,,,,,,,,
209780,AGN,0.004291534423828125,-7.572667110760215,-6.555575499985019,4.006781958679803,40.30750185234076,-0.040369540306610545,,,,,,,,,,,,,,,,,,,,,,,,,
27594,SNII,0.0427703857421875,195.45709340946755,-190.3048936952256,4.17146187708016,0.07904775106133974,-0.07898342277263314,,,,,,,,,,,,,,,,,,,,,,,,,
117415,SNIbc,,,,,,,,,,,,,,,,,,,,,,,,,,,,,,,
260350,SLSN-I,0.008190631866455078,2.036589240452315,0.15367519868899396,0.9865409815592644,2.6039923246904992,-0.029566835323573855,,,,,,,,,,,,,,,,,,,,,,,,,
271726,SNIax,,,,,,,,,,,,,,,,,,,,,,,,,,,,,,,
69990,AGN,0.007056236267089844,-1.2209519770233186,0.4896813338249738,2.957044112606895,40.34760810117791,-0.04276879878326908,,,,,,,,,,,,,,,,,,,,,,,,,
86865,TDE,,,,,,,,,,,,,,,,,,,,,,,,,,,,,,,
191731,SNIa-91bg,0.02056741714477539,2.6606716122104905,0.14325864296459906,2.0805991407609437,3.929546942889685,-0.0004923295309360032,,,,,,,,,,,,,,,,,,,,,,,,,
136418,AGN,,,,,,,,,,,,,,,,,,,,,,,,,,,,,,,
158091,SNIbc,,,,,,,,,,,,,,,,,,,,,,,,,,,,,,,
157326,SNIbc,,,,,,,,,,,,,,,,,,,,,,,,,,,,,,,
328381,SLSN-I,0.009884357452392578,-9.14502760553706,4.731991703449597,1.2107634514160066,3.0652966733359337,-0.30012837215785515,,,,,,,,,,,,,,,,,,,,,,,,,
212814,SNIa,0.013715744018554688,5.7122712919200005,0.21549982218336983,3.16667602020887,40.315542203073875,-0.07340671199445568,,,,,,,,,,,,,,,,,,,,,,,,,
235595,AGN,,,,,,,,,,,,,,,,,,,,,,,,,,,,,,,
11260,SNIbc,,,,,,,,,,,,,,,,,,,,,,,,,,,,,,,
91952,SNIa-91bg,0.015275716781616211,-2.345748950617338,2.10860881350713,2.059360614989912,34.1640916728745,-0.04288186982749394,,,,,,,,,,,,,,,,,,,,,,,,,
268321,SNII,,,,,,,,,,,,,,,,,,,,,,,,,,,,,,,
241111,SNIa,,,,,,,,,,,,,,,,,,,,,,,,,,,,,,,
272064,SNIax,0.006968975067138672,1.8830992991139428,-2.5932085641868894,1.4480701336525605,5.131452432630375,-0.005341053348828749,,,,,,,,,,,,,,,,,,,,,,,,,
248248,SNIa,,,,,,,,,,,,,,,,,,,,,,,,,,,,,,,
294533,SNIbc,,,,,,,,,,,,,,,,,,,,,,,,,,,,,,,
72300,TDE,0.019878864288330078,34.72706505446399,-29.27213065342532,4.0081133113469205,0.071500506146222,-0.0712279030679887,,,,,,,,,,,,,,,,,,,,,,,,,
227699,TDE,0.011502504348754883,-12.718015738064501,4.186227786176198,1.7018799186362776,1.6082390288739785,-0.38305474024567276,,,,,,,,,,,,,,,,,,,,,,,,,
246324,SNIbc,,,,,,,,,,,,,,,,,,,,,,,,,,,,,,,
326679,TDE,,,,,,,,,,,,,,,,,,,,,,,,,,,,,,,
14114,SLSN-I,,,,,,,,,,,,,,,,,,,,,,,,,,,,,,,
254386,SLSN-I,,,,,,,,,,,,,,,,,,,,,,,,,,,,,,,
74982,TDE,,,,,,,,,,,,,,,,,,,,,,,,,,,,,,,
39688,TDE,0.04941868782043457,149.64609140754354,1.641092313821947,14.379369197362978,0.9507105180190224,-0.739698783066383,,,,,,,,,,,,,,,,,,,,,,,,,
226127,SNII,0.08140778541564941,11258.34966028025,-11233.378435885954,6.9812017944503175,0.4503531014302102,-0.4502751519864289,,,,,,,,,,,,,,,,,,,,,,,,,
86344,SNIax,,,,,,,,,,,,,,,,,,,,,,,,,,,,,,,
123824,SLSN-I,0.006070852279663086,-5.272927966934695,-3.22367875,3.9209924277947903,40.55375199636398,-0.013682313447371528,,,,,,,,,,,,,,,,,,,,,,,,,
162092,TDE,0.011363506317138672,-5.455037422463926,0.18675450000000002,1.9643169977485777,2.535412671285244,-0.026644946514262455,,,,,,,,,,,,,,,,,,,,,,,,,
16622,SNII,,,,,,,,,,,,,,,,,,,,,,,,,,,,,,,
66269,SNII,,,,,,,,,,,,,,,,,,,,,,,,,,,,,,,
137797,AGN,,,,,,,,,,,,,,,,,,,,,,,,,,,,,,,
161409,SNII,,,,,,,,,,,,,,,,,,,,,,,,,,,,,,,
203450,AGN,,,,,,,,,,,,,,,,,,,,,,,,,,,,,,,
29566,AGN,,,,,,,,,,,,,,,,,,,,,,,,,,,,,,,
289116,SNIax,,,,,,,,,,,,,,,,,,,,,,,,,,,,,,,
173517,SNIax,,,,,,,,,,,,,,,,,,,,,,,,,,,,,,,
21974,SNIbc,,,,,,,,,,,,,,,,,,,,,,,,,,,,,,,
284282,SNII,,,,,,,,,,,,,,,,,,,,,,,,,,,,,,,
340698,SNIa-91bg,,,,,,,,,,,,,,,,,,,,,,,,,,,,,,,
23667,AGN,,,,,,,,,,,,,,,,,,,,,,,,,,,,,,,
338212,SNIa-91bg,,,,,,,,,,,,,,,,,,,,,,,,,,,,,,,
158696,SNII,,,,,,,,,,,,,,,,,,,,,,,,,,,,,,,
4494,SNIa,,,,,,,,,,,,,,,,,,,,,,,,,,,,,,,
250282,AGN,,,,,,,,,,,,,,,,,,,,,,,,,,,,,,,
232342,SNII,,,,,,,,,,,,,,,,,,,,,,,,,,,,,,,
239263,SNIa-91bg,,,,,,,,,,,,,,,,,,,,,,,,,,,,,,,
125400,SNIa,,,,,,,,,,,,,,,,,,,,,,,,,,,,,,,
249384,SNIa-91bg,0.026875734329223633,-18.862516836176425,2.8292156766100494,3.933364411601625,0.07668377308772151,-0.07137042396499559,,,,,,,,,,,,,,,,,,,,,,,,,
161755,SNIax,0.022484540939331055,-18.68296745020772,14.701871783942421,-4.527087102005335e-07,34.71247249371452,-3.383425843411777e-06,,,,,,,,,,,,,,,,,,,,,,,,,
320143,SNIax,0.003721952438354492,-5.960914432587058,1.081728742414441,3.98264393318037,40.34428618466059,-0.027201356627844824,,,,,,,,,,,,,,,,,,,,,,,,,
37890,SNIa,0.0048065185546875,-22.81742028866385,1.6178982500054206,3.9684606250866774,40.41489733045916,-0.03826853615513522,,,,,,,,,,,,,,,,,,,,,,,,,
185049,SNIa-91bg,,,,,,,,,,,,,,,,,,,,,,,,,,,,,,,
334493,SNIa-91bg,,,,,,,,,,,,,,,,,,,,,,,,,,,,,,,
102057,SNIax,0.013071775436401367,5.106782945637139,-2.3795875658834738,2.5295083900893873,99031041.59113972,-0.35562281203815105,,,,,,,,,,,,,,,,,,,,,,,,,
338628,SNIax,,,,,,,,,,,,,,,,,,,,,,,,,,,,,,,
17274,SNIa-91bg,,,,,,,,,,,,,,,,,,,,,,,,,,,,,,,
295853,AGN,,,,,,,,,,,,,,,,,,,,,,,,,,,,,,,
198005,SLSN-I,0.04537701606750488,-5.21148175492576,5.541856867606405,0.9126547468979431,2073.362473726346,-7.4562975739224854e-06,,,,,,,,,,,,,,,,,,,,,,,,,
172158,SNIa-91bg,0.011940479278564453,5.80135685391405,-0.0710899903089464,2.205852418653835,9132600.81461931,-0.1692152770219897,,,,,,,,,,,,,,,,,,,,,,,,,
334142,AGN,,,,,,,,,,,,,,,,,,,,,,,,,,,,,,,
286685,SNIa,,,,,,,,,,,,,,,,,,,,,,,,,,,,,,,
30998,SLSN-I,,,,,,,,,,,,,,,,,,,,,,,,,,,,,,,
210794,TDE,0.017831802368164062,-4.4218433202394785,3.4768097862114398,0.004308911153353014,961.3041716797075,-0.00010943491571828521,,,,,,,,,,,,,,,,,,,,,,,,,
254717,SNIax,0.05128741264343262,-176.18656931610585,2.4115878591329607,9.606877989354434,0.4644849002863567,-0.36704081922499454,,,,,,,,,,,,,,,,,,,,,,,,,
247329,TDE,,,,,,,,,,,,,,,,,,,,,,,,,,,,,,,
73951,SNIa,0.013306140899658203,-7.516329873677597,5.849824576474112,-4.907859497443986e-07,39.50385607859399,-7.016800514855542e-07,,,,,,,,,,,,,,,,,,,,,,,,,
229361,SNIax,,,,,,,,,,,,,,,,,,,,,,,,,,,,,,,
141065,SNIa,0.005797147750854492,-3.4124305972490476,3.0099285000000915,3.8719536837998327,40.17507259458377,-0.03224856402636793,,,,,,,,,,,,,,,,,,,,,,,,,
180316,SLSN-I,,,,,,,,,,,,,,,,,,,,,,,,,,,,,,,
43456,SLSN-I,,,,,,,,,,,,,,,,,,,,,,,,,,,,,,,
154144,SNIa-91bg,0.009165287017822266,-3.232931691446296,1.2148023518681736,2.9257176021404714,2.299727452084881,-0.004208758473234761,,,,,,,,,,,,,,,,,,,,,,,,,
39785,SNIa-91bg,0.07923388481140137,16.511913813870986,-11.628251689282306,3.9686061719790895,0.005596236695830269,-0.005591357138454632,,,,,,,,,,,,,,,,,,,,,,,,,
111403,SNIbc,0.07929706573486328,4.9144505950339585,-0.7073603333380293,2.917706461967084,40.69188265515765,-0.03938480957500802,,,,,,,,,,,,,,,,,,,,,,,,,
186906,SNII,0.023778915405273438,6.453801839010837,-3.548788050243604,0.9800951967009299,6.635264441765761,-2.512346784519826e-07,,,,,,,,,,,,,,,,,,,,,,,,,
331069,SNII,0.012753486633300781,-5.891526094355031,1.9326028484443563,2.167244495681388,4.455583750280695,-0.005323853206632067,,,,,,,,,,,,,,,,,,,,,,,,,
305554,AGN,,,,,,,,,,,,,,,,,,,,,,,,,,,,,,,
188742,SLSN-I,0.021762609481811523,3.040248499136836,-1.0207789357421158,2.9737990221093074,1.917619917778679,-4.9096463060213154e-08,,,,,,,,,,,,,,,,,,,,,,,,,
4559,SNII,,,,,,,,,,,,,,,,,,,,,,,,,,,,,,,
255926,AGN,0.010650873184204102,1.7114142537020496,-0.9497747840869807,1.9580521318298993,498.1251636351426,-0.024813436307401526,,,,,,,,,,,,,,,,,,,,,,,,,
274996,TDE,,,,,,,,,,,,,,,,,,,,,,,,,,,,,,,
132547,TDE,,,,,,,,,,,,,,,,,,,,,,,,,,,,,,,
235828,SLSN-I,,,,,,,,,,,,,,,,,,,,,,,,,,,,,,,
226792,SNIbc,,,,,,,,,,,,,,,,,,,,,,,,,,,,,,,
294738,SNIa-91bg,,,,,,,,,,,,,,,,,,,,,,,,,,,,,,,
123618,SNIa-91bg,,,,,,,,,,,,,,,,,,,,,,,,,,,,,,,
207776,SNIa-91bg,,,,,,,,,,,,,,,,,,,,,,,,,,,,,,,
198471,SNIbc,,,,,,,,,,,,,,,,,,,,,,,,,,,,,,,
157158,SNIbc,,,,,,,,,,,,,,,,,,,,,,,,,,,,,,,
122615,TDE,0.004475116729736328,17.747100965989635,2.846149499998689,3.951055113655243,40.23030743609246,-0.036117870013741504,,,,,,,,,,,,,,,,,,,,,,,,,
287332,SNIa-91bg,,,,,,,,,,,,,,,,,,,,,,,,,,,,,,,
199870,SNIbc,,,,,,,,,,,,,,,,,,,,,,,,,,,,,,,
239977,TDE,0.08641958236694336,-24.52736442537435,1.3447502428611193,2.4336509808284097,0.2003093727645471,-0.10003205678004301,,,,,,,,,,,,,,,,,,,,,,,,,
161281,SNIbc,,,,,,,,,,,,,,,,,,,,,,,,,,,,,,,
86874,SNIbc,0.01839923858642578,2.961862509338902,0.374475329904923,2.7945092665935056,5.418554461971761,-0.005715282190189415,,,,,,,,,,,,,,,,,,,,,,,,,
11657,SNIbc,,,,,,,,,,,,,,,,,,,,,,,,,,,,,,,
130466,SNIa,0.005364418029785156,-6.854155200629153,0.5119959356011533,3.900329028437492,40.47558317328444,-0.03639447891328475,,,,,,,,,,,,,,,,,,,,,,,,,
96080,SNII,0.009536027908325195,-3.1960535939468304,0.09362399042262178,2.782999891432175,1.585206267666819,-0.004617251753510005,,,,,,,,,,,,,,,,,,,,,,,,,
151888,AGN,,,,,,,,,,,,,,,,,,,,,,,,,,,,,,,
104205,SNIa,,,,,,,,,,,,,,,,,,,,,,,,,,,,,,,
137962,SLSN-I,,,,,,,,,,,,,,,,,,,,,,,,,,,,,,,
162247,SNIbc,0.027343034744262695,9.554135276556751,-8.395570428406456,-3.842127602955419e-06,38.459611727190776,-1.4124888658957184e-05,,,,,,,,,,,,,,,,,,,,,,,,,
89643,SNIax,,,,,,,,,,,,,,,,,,,,,,,,,,,,,,,
110824,SLSN-I,,,,,,,,,,,,,,,,,,,,,,,,,,,,,,,
250460,SNIbc,,,,,,,,,,,,,,,,,,,,,,,,,,,,,,,
96025,SNIax,0.0074787139892578125,4.095514772142626,0.09461913107758585,3.0349296403347914,40.25663200593654,-0.04213876016921565,,,,,,,,,,,,,,,,,,,,,,,,,
2661,AGN,,,,,,,,,,,,,,,,,,,,,,,,,,,,,,,
254810,TDE,,,,,,,,,,,,,,,,,,,,,,,,,,,,,,,
294809,TDE,,,,,,,,,,,,,,,,,,,,,,,,,,,,,,,
303713,SNIbc,,,,,,,,,,,,,,,,,,,,,,,,,,,,,,,
107495,AGN,,,,,,,,,,,,,,,,,,,,,,,,,,,,,,,
167170,SNII,,,,,,,,,,,,,,,,,,,,,,,,,,,,,,,
266271,SNII,0.012705087661743164,-8.962494225111849,3.0241765734520403,2.9435003771592148,6111173.318287314,-0.4348190870466809,,,,,,,,,,,,,,,,,,,,,,,,,
95571,SNIa-91bg,,,,,,,,,,,,,,,,,,,,,,,,,,,,,,,
247116,SLSN-I,,,,,,,,,,,,,,,,,,,,,,,,,,,,,,,
119247,SNIa,0.00975942611694336,-3.1556750653335555,0.9219906269205513,0.9310098667692057,21.15270869718898,-0.03968470655173791,,,,,,,,,,,,,,,,,,,,,,,,,
170796,TDE,,,,,,,,,,,,,,,,,,,,,,,,,,,,,,,
70449,SLSN-I,,,,,,,,,,,,,,,,,,,,,,,,,,,,,,,
337346,SNIa-91bg,,,,,,,,,,,,,,,,,,,,,,,,,,,,,,,
7931,SNIa,0.004217386245727539,23.417120387915386,-0.9134175085253331,4.001130156437049,40.327840695639985,-0.02301663231646097,,,,,,,,,,,,,,,,,,,,,,,,,
294688,SNIbc,,,,,,,,,,,,,,,,,,,,,,,,,,,,,,,
245512,SNIbc,0.011222362518310547,6.608749182577607,-5.182908108558766,-6.155480083251753e-07,38.96337349533541,-1.3080723906426463e-06,,,,,,,,,,,,,,,,,,,,,,,,,
111076,AGN,0.020684242248535156,-7.853630655733464,6.540502724531413,2.908092393407511,3.8524946276469265,-3.4310287605740596e-07,,,,,,,,,,,,,,,,,,,,,,,,,
3751,SNIax,,,,,,,,,,,,,,,,,,,,,,,,,,,,,,,
45766,SNIa-91bg,0.019268512725830078,-4.290273059323336,4.812471438085774,0.9105166775787513,531.5794128454481,-0.003712582949787155,,,,,,,,,,,,,,,,,,,,,,,,,
281580,SNIax,,,,,,,,,,,,,,,,,,,,,,,,,,,,,,,
109959,SLSN-I,,,,,,,,,,,,,,,,,,,,,,,,,,,,,,,
241284,SNIax,0.00484776496887207,5.055268893928247,-0.5025652527517733,3.972531345396488,40.12210197802675,-0.02461993917680811,,,,,,,,,,,,,,,,,,,,,,,,,
211276,TDE,,,,,,,,,,,,,,,,,,,,,,,,,,,,,,,
222785,SLSN-I,0.009438514709472656,3.809122939644504,-1.744656233714478,1.9779926997498989,8.418040924761256,-0.00013835575254505725,,,,,,,,,,,,,,,,,,,,,,,,,
131216,TDE,,,,,,,,,,,,,,,,,,,,,,,,,,,,,,,
264983,TDE,0.00741887092590332,-5.599566110194458,2.4624696666937034,2.3015929138423386,4.976779030838959,-0.015813601962697103,,,,,,,,,,,,,,,,,,,,,,,,,
177095,SNIax,,,,,,,,,,,,,,,,,,,,,,,,,,,,,,,
182822,SNIa-91bg,,,,,,,,,,,,,,,,,,,,,,,,,,,,,,,
325320,SNIbc,,,,,,,,,,,,,,,,,,,,,,,,,,,,,,,
88444,SNII,,,,,,,,,,,,,,,,,,,,,,,,,,,,,,,
3522,SNIbc,,,,,,,,,,,,,,,,,,,,,,,,,,,,,,,
183455,SNIbc,0.00828695297241211,2.830538799686051,2.6344903333125314,2.887056562919439,40.20376234912585,-0.04181277614228744,,,,,,,,,,,,,,,,,,,,,,,,,
282827,TDE,0.005861997604370117,-9.163206126426122,-0.9899707500000001,3.9450404917058464,40.31748973939486,-0.024154128394162335,,,,,,,,,,,,,,,,,,,,,,,,,
39345,SNII,0.008409976959228516,-11.047624224707416,9.912829651024207,-9.035095223043226e-07,39.4702055409817,-1.8301273963130527e-06,,,,,,,,,,,,,,,,,,,,,,,,,
216667,AGN,,,,,,,,,,,,,,,,,,,,,,,,,,,,,,,
273648,AGN,0.0048046112060546875,42.88596661166522,-31.012183000009582,4.009336474689058,39.92642521413802,-0.03965368954882769,,,,,,,,,,,,,,,,,,,,,,,,,
137128,SLSN-I,,,,,,,,,,,,,,,,,,,,,,,,,,,,,,,
97508,SNIa-91bg,,,,,,,,,,,,,,,,,,,,,,,,,,,,,,,
284917,SNIa,,,,,,,,,,,,,,,,,,,,,,,,,,,,,,,
334423,TDE,,,,,,,,,,,,,,,,,,,,,,,,,,,,,,,
279758,SNIa-91bg,,,,,,,,,,,,,,,,,,,,,,,,,,,,,,,
252323,AGN,,,,,,,,,,,,,,,,,,,,,,,,,,,,,,,
259237,SNII,,,,,,,,,,,,,,,,,,,,,,,,,,,,,,,
241897,SNIax,0.004950523376464844,5.500608075186728,-0.6469852500010209,3.984824185531828,40.124859393052674,-0.03616771449377638,,,,,,,,,,,,,,,,,,,,,,,,,
183631,AGN,,,,,,,,,,,,,,,,,,,,,,,,,,,,,,,
205360,SNIbc,,,,,,,,,,,,,,,,,,,,,,,,,,,,,,,
258289,SNIax,0.08754491806030273,24.689293298458807,-0.8436313540209226,2.2027060627501203,0.3427958210392963,-0.11306458796375952,,,,,,,,,,,,,,,,,,,,,,,,,
187406,SNIa,0.06844663619995117,8405.629234015601,-8362.744851716157,-14.652723059647165,4071.758010939246,-2.371242176378682,,,,,,,,,,,,,,,,,,,,,,,,,
335653,SLSN-I,,,,,,,,,,,,,,,,,,,,,,,,,,,,,,,
87995,SNIbc,,,,,,,,,,,,,,,,,,,,,,,,,,,,,,,
182066,SNIbc,0.004271507263183594,-8.018009206162635,0.4425509890288726,3.938511466863817,40.45383791954752,-0.03005213569824707,,,,,,,,,,,,,,,,,,,,,,,,,
254224,SNIa,,,,,,,,,,,,,,,,,,,,,,,,,,,,,,,
106269,SLSN-I,0.010896682739257812,4.341521756503921,-2.937125242580473,1.914415126380285,562.1314866393342,-0.0012841803128460314,,,,,,,,,,,,,,,,,,,,,,,,,
307959,SNII,,,,,,,,,,,,,,,,,,,,,,,,,,,,,,,
323530,SNIbc,,,,,,,,,,,,,,,,,,,,,,,,,,,,,,,
175174,SLSN-I,0.009775400161743164,-4.11746233819032,3.0056221191275356,1.914977814341488,4.05613007469541,-1.797384037816001e-05,,,,,,,,,,,,,,,,,,,,,,,,,
298031,SNIa-91bg,0.008706808090209961,-7.731956790644375,5.864039918766113,-1.0911546996012886e-05,39.5315858017005,-1.4799795155784771e-05,,,,,,,,,,,,,,,,,,,,,,,,,
82833,TDE,,,,,,,,,,,,,,,,,,,,,,,,,,,,,,,
16519,SNIa,0.01606607437133789,1.8095778854119087,-2.013519402363312,2.9080859799693917,2.703363131307141,-5.23714767895218e-07,,,,,,,,,,,,,,,,,,,,,,,,,
295582,SNIa-91bg,,,,,,,,,,,,,,,,,,,,,,,,,,,,,,,
148637,SNIa-91bg,,,,,,,,,,,,,,,,,,,,,,,,,,,,,,,
332651,SLSN-I,0.007530927658081055,18.87618337453295,-15.259128037653406,-1.1400175545707162e-06,38.48575850566017,-1.9367796970381937e-06,,,,,,,,,,,,,,,,,,,,,,,,,
212132,AGN,,,,,,,,,,,,,,,,,,,,,,,,,,,,,,,
139334,SNIa,0.042398691177368164,-2.7531006247853274,0.07166466666666603,2.903686745964675,40.40191991992916,-0.011790810362615069,,,,,,,,,,,,,,,,,,,,,,,,,
247064,AGN,,,,,,,,,,,,,,,,,,,,,,,,,,,,,,,
109590,SNIa,,,,,,,,,,,,,,,,,,,,,,,,,,,,,,,
160306,AGN,,,,,,,,,,,,,,,,,,,,,,,,,,,,,,,
260003,SNIa-91bg,0.0047454833984375,4.275687846822252,-0.6640045000000002,3.4630287358301857,40.11345608197932,-0.003001491567209833,,,,,,,,,,,,,,,,,,,,,,,,,
146937,AGN,,,,,,,,,,,,,,,,,,,,,,,,,,,,,,,
43961,SNIa-91bg,,,,,,,,,,,,,,,,,,,,,,,,,,,,,,,
168597,AGN,0.014527082443237305,-6.697008577345056,10.059727948857493,-1.587344651801029e-06,38.86637996523156,-2.8324476571554616e-06,,,,,,,,,,,,,,,,,,,,,,,,,
301123,SNIbc,0.014598369598388672,-8.64108201736098,-1.9532099074959268,2.0895849756834517,0.47295857815910536,-0.043606103240576496,,,,,,,,,,,,,,,,,,,,,,,,,
206976,SLSN-I,,,,,,,,,,,,,,,,,,,,,,,,,,,,,,,
79319,AGN,0.00898122787475586,-1.3245923256038956,-4.015126333333333,2.5564668217419944,4.423954429525487,-0.0033229715601333643,,,,,,,,,,,,,,,,,,,,,,,,,
311198,AGN,,,,,,,,,,,,,,,,,,,,,,,,,,,,,,,
63067,TDE,,,,,,,,,,,,,,,,,,,,,,,,,,,,,,,
145752,SNII,,,,,,,,,,,,,,,,,,,,,,,,,,,,,,,
226349,TDE,,,,,,,,,,,,,,,,,,,,,,,,,,,,,,,
127669,TDE,,,,,,,,,,,,,,,,,,,,,,,,,,,,,,,
124483,SNIa,,,,,,,,,,,,,,,,,,,,,,,,,,,,,,,
100415,SNIa-91bg,,,,,,,,,,,,,,,,,,,,,,,,,,,,,,,
309433,SNIax,,,,,,,,,,,,,,,,,,,,,,,,,,,,,,,
260177,SNIa,,,,,,,,,,,,,,,,,,,,,,,,,,,,,,,
295703,SNII,,,,,,,,,,,,,,,,,,,,,,,,,,,,,,,
39152,SLSN-I,0.08417153358459473,6102.188081060259,-6083.691241185207,7.383253745621169,0.523934011650092,-0.5237940260945171,,,,,,,,,,,,,,,,,,,,,,,,,
168034,SLSN-I,0.0051157474517822266,9.40149160685525,2.6513362499999937,4.0218454494304,40.38162342653541,-0.031209398075909098,,,,,,,,,,,,,,,,,,,,,,,,,
6369,SNIax,0.008417367935180664,-4.49347371498272,2.018067333333926,3.00171639395628,40.45040040331593,-0.02428283656759632,,,,,,,,,,,,,,,,,,,,,,,,,
49733,AGN,,,,,,,,,,,,,,,,,,,,,,,,,,,,,,,
72934,AGN,,,,,,,,,,,,,,,,,,,,,,,,,,,,,,,
303743,SNII,,,,,,,,,,,,,,,,,,,,,,,,,,,,,,,
194090,SNII,0.01226043701171875,-2.9767212158608682,0.6311749205743551,2.711469192051842,3849823.6295014643,-0.34247081688190434,,,,,,,,,,,,,,,,,,,,,,,,,
163658,SNIa-91bg,0.006430149078369141,2.8342855185315194,-0.48879664403511364,2.9295074233993192,40.410650596972935,-0.014681550353761742,,,,,,,,,,,,,,,,,,,,,,,,,
201455,TDE,0.004098176956176758,12.777869753692807,-1.1063060055294962,3.949319571968213,40.23353029567272,-0.03304896830095675,,,,,,,,,,,,,,,,,,,,,,,,,
174520,SNII,0.00572514533996582,-7.868683912003685,2.064616000000003,3.9043308745234486,40.25853299509339,-0.029228555887328665,,,,,,,,,,,,,,,,,,,,,,,,,
